-- phpMyAdmin SQL Dump
-- version 5.0.4
-- https://www.phpmyadmin.net/
--
-- Host: 127.0.0.1
-- Generation Time: Apr 30, 2022 at 01:29 PM
-- Server version: 10.4.17-MariaDB
-- PHP Version: 8.0.0

SET SQL_MODE = "NO_AUTO_VALUE_ON_ZERO";
START TRANSACTION;
SET time_zone = "+00:00";


/*!40101 SET @OLD_CHARACTER_SET_CLIENT=@@CHARACTER_SET_CLIENT */;
/*!40101 SET @OLD_CHARACTER_SET_RESULTS=@@CHARACTER_SET_RESULTS */;
/*!40101 SET @OLD_COLLATION_CONNECTION=@@COLLATION_CONNECTION */;
/*!40101 SET NAMES utf8mb4 */;

--
-- Database: `sharelter`
--

-- --------------------------------------------------------

--
-- Table structure for table `category`
--

CREATE TABLE `category` (
  `cat_id` int(3) NOT NULL,
  `cat_title` varchar(255) NOT NULL
) ENGINE=InnoDB DEFAULT CHARSET=utf8mb4;

--
-- Dumping data for table `category`
--

INSERT INTO `category` (`cat_id`, `cat_title`) VALUES
(2, 'Condominium'),
(3, 'Dormitory'),
(4, 'Commercial'),
(15, 'Apartment'),
(18, 'Rent to Own Edited');

-- --------------------------------------------------------

--
-- Table structure for table `comments`
--

CREATE TABLE `comments` (
  `comment_id` int(3) NOT NULL,
  `comment_post_id` int(3) NOT NULL,
  `comment_author` varchar(255) NOT NULL,
  `comment_email` varchar(255) NOT NULL,
  `comment_content` text NOT NULL,
  `comment_status` varchar(255) NOT NULL,
  `comment_date` date NOT NULL
) ENGINE=InnoDB DEFAULT CHARSET=utf8mb4;

--
-- Dumping data for table `comments`
--

INSERT INTO `comments` (`comment_id`, `comment_post_id`, `comment_author`, `comment_email`, `comment_content`, `comment_status`, `comment_date`) VALUES
(20, 39, 'Jc Enriquez', 'jc@gmail.com', 'Wow, this place looks really nice! Can I schedule for a visit?', 'unapproved', '2022-03-31'),
(21, 39, 'Patrick Bambico', 'patrick@gmail.com', 'Bacon ipsum dolor amet beef biltong tail, doner strip steak tongue spare ribs bresaola jowl fatback shoulder salami meatball hamburger pig. Hamburger pork loin andouille, swine ham hock ground round short ribs chislic frankfurter. Chicken andouille buffalo venison doner pastrami t-bone, rump jerky tongue capicola flank. Sirloin filet mignon turkey, ball tip meatloaf hamburger prosciutto pancetta capicola t-bone fatback brisket bacon doner spare ribs. Buffalo pancetta spare ribs ham. Shankle tri-tip jowl, strip steak fatback frankfurter ribeye sausage picanha pork chop sirloin.', 'unapproved', '2022-03-31');

-- --------------------------------------------------------

--
-- Table structure for table `posts`
--

CREATE TABLE `posts` (
  `post_id` int(3) NOT NULL,
  `post_category_id` int(3) NOT NULL,
  `post_title` varchar(255) NOT NULL,
  `post_author` varchar(255) NOT NULL,
  `post_date` date NOT NULL,
  `post_image` text NOT NULL,
  `post_content` text NOT NULL,
  `posted_by` int(3) NOT NULL,
  `post_tags` varchar(255) NOT NULL,
  `post_comment_count` int(11) NOT NULL
) ENGINE=InnoDB DEFAULT CHARSET=utf8mb4;

--
-- Dumping data for table `posts`
--

INSERT INTO `posts` (`post_id`, `post_category_id`, `post_title`, `post_author`, `post_date`, `post_image`, `post_content`, `posted_by`, `post_tags`, `post_comment_count`) VALUES
(39, 2, 'Condominium for Rent (San Juan)', 'sirjean_', '2022-03-31', 'condo-1.jpg', 'Bacon ipsum dolor amet sirloin filet mignon pastrami fatback, tri-tip shank strip steak drumstick venison chicken andouille. Burgdoggen t-bone pastrami meatball ribeye jerky strip steak salami beef kevin doner tongue shank tail. Filet mignon turducken capicola frankfurter. Cupim beef chicken hamburger shank jowl. Ground round boudin kielbasa cow. Boudin strip steak ground round meatball filet mignon shankle jowl brisket sirloin venison capicola beef ribs short loin rump. Tri-tip biltong strip steak shank salami t-bone kielbasa meatball swine.\r\n\r\nTurducken boudin buffalo ball tip pork capicola cow ribeye drumstick short loin picanha salami. Pork chop pastrami brisket porchetta short loin, buffalo turkey chicken hamburger kevin venison sirloin. Brisket pig spare ribs tail jowl prosciutto turkey short ribs meatball shank drumstick fatback shankle sausage. T-bone shankle beef, bresaola chicken turducken filet mignon flank rump hamburger sirloin.\r\n\r\nBuffalo turducken fatback, shank short ribs pork cupim doner venison prosciutto. Pork loin tri-tip filet mignon ground round. Swine bresaola drumstick sirloin hamburger pork chop biltong pork loin meatloaf pancetta tongue pig corned beef. Prosciutto alcatra turducken filet mignon, shankle pig kevin leberkas cow hamburger cupim swine sirloin. Prosciutto short ribs venison drumstick bacon sirloin. Landjaeger leberkas sausage spare ribs pork belly pancetta burgdoggen cupim kielbasa cow corned beef capicola biltong chicken jowl. Turkey turducken capicola picanha landjaeger shankle chislic beef ribs drumstick ball tip pork chop pig frankfurter leberkas short ribs.\r\n\r\nHam sausage burgdoggen tongue cupim swine turducken boudin beef drumstick pancetta. Flank shankle bresaola ham hock chicken short ribs, jowl pork loin bacon kevin beef ribs hamburger. Prosciutto buffalo jerky ribeye cupim landjaeger pork boudin ham jowl. Ribeye flank beef chicken short loin buffalo andouille.\r\n\r\nPastrami ham hock tenderloin, shankle chislic corned beef ribeye ball tip sausage meatloaf. Jerky turducken tail, kevin pancetta rump pig sausage porchetta bacon jowl pork loin ham hock. Shank pork buffalo alcatra jerky. Filet mignon ground round short ribs, pancetta salami ham hock picanha turducken tail tenderloin beef shoulder. Chislic cow prosciutto, jerky cupim leberkas pork loin pork belly chuck. Sausage kielbasa buffalo ground round burgdoggen. Spare ribs short loin chuck, meatloaf jowl andouille pig sausage chislic shankle picanha.', 0, 'san juan, condominium, for rent', 2),
(40, 3, 'Dormitory (All Girls) Near DLSU', 'sirjean_', '2022-03-31', 'dorm-1.jpg', 'Bacon ipsum dolor amet sirloin filet mignon pastrami fatback, tri-tip shank strip steak drumstick venison chicken andouille. Burgdoggen t-bone pastrami meatball ribeye jerky strip steak salami beef kevin doner tongue shank tail. Filet mignon turducken capicola frankfurter. Cupim beef chicken hamburger shank jowl. Ground round boudin kielbasa cow. Boudin strip steak ground round meatball filet mignon shankle jowl brisket sirloin venison capicola beef ribs short loin rump. Tri-tip biltong strip steak shank salami t-bone kielbasa meatball swine.\r\n\r\nTurducken boudin buffalo ball tip pork capicola cow ribeye drumstick short loin picanha salami. Pork chop pastrami brisket porchetta short loin, buffalo turkey chicken hamburger kevin venison sirloin. Brisket pig spare ribs tail jowl prosciutto turkey short ribs meatball shank drumstick fatback shankle sausage. T-bone shankle beef, bresaola chicken turducken filet mignon flank rump hamburger sirloin.\r\n\r\nBuffalo turducken fatback, shank short ribs pork cupim doner venison prosciutto. Pork loin tri-tip filet mignon ground round. Swine bresaola drumstick sirloin hamburger pork chop biltong pork loin meatloaf pancetta tongue pig corned beef. Prosciutto alcatra turducken filet mignon, shankle pig kevin leberkas cow hamburger cupim swine sirloin. Prosciutto short ribs venison drumstick bacon sirloin. Landjaeger leberkas sausage spare ribs pork belly pancetta burgdoggen cupim kielbasa cow corned beef capicola biltong chicken jowl. Turkey turducken capicola picanha landjaeger shankle chislic beef ribs drumstick ball tip pork chop pig frankfurter leberkas short ribs.\r\n\r\nHam sausage burgdoggen tongue cupim swine turducken boudin beef drumstick pancetta. Flank shankle bresaola ham hock chicken short ribs, jowl pork loin bacon kevin beef ribs hamburger. Prosciutto buffalo jerky ribeye cupim landjaeger pork boudin ham jowl. Ribeye flank beef chicken short loin buffalo andouille.\r\n\r\nPastrami ham hock tenderloin, shankle chislic corned beef ribeye ball tip sausage meatloaf. Jerky turducken tail, kevin pancetta rump pig sausage porchetta bacon jowl pork loin ham hock. Shank pork buffalo alcatra jerky. Filet mignon ground round short ribs, pancetta salami ham hock picanha turducken tail tenderloin beef shoulder. Chislic cow prosciutto, jerky cupim leberkas pork loin pork belly chuck. Sausage kielbasa buffalo ground round burgdoggen. Spare ribs short loin chuck, meatloaf jowl andouille pig sausage chislic shankle picanha.', 0, 'dormitory, dlsu, all girls, manila', 0),
(41, 4, 'Commercial for Lease (In Front of SM North)', 'sirjean_', '2022-03-31', 'commercial-1.jpg', 'Bacon ipsum dolor amet sirloin filet mignon pastrami fatback, tri-tip shank strip steak drumstick venison chicken andouille. Burgdoggen t-bone pastrami meatball ribeye jerky strip steak salami beef kevin doner tongue shank tail. Filet mignon turducken capicola frankfurter. Cupim beef chicken hamburger shank jowl. Ground round boudin kielbasa cow. Boudin strip steak ground round meatball filet mignon shankle jowl brisket sirloin venison capicola beef ribs short loin rump. Tri-tip biltong strip steak shank salami t-bone kielbasa meatball swine.\r\n\r\nTurducken boudin buffalo ball tip pork capicola cow ribeye drumstick short loin picanha salami. Pork chop pastrami brisket porchetta short loin, buffalo turkey chicken hamburger kevin venison sirloin. Brisket pig spare ribs tail jowl prosciutto turkey short ribs meatball shank drumstick fatback shankle sausage. T-bone shankle beef, bresaola chicken turducken filet mignon flank rump hamburger sirloin.\r\n\r\nBuffalo turducken fatback, shank short ribs pork cupim doner venison prosciutto. Pork loin tri-tip filet mignon ground round. Swine bresaola drumstick sirloin hamburger pork chop biltong pork loin meatloaf pancetta tongue pig corned beef. Prosciutto alcatra turducken filet mignon, shankle pig kevin leberkas cow hamburger cupim swine sirloin. Prosciutto short ribs venison drumstick bacon sirloin. Landjaeger leberkas sausage spare ribs pork belly pancetta burgdoggen cupim kielbasa cow corned beef capicola biltong chicken jowl. Turkey turducken capicola picanha landjaeger shankle chislic beef ribs drumstick ball tip pork chop pig frankfurter leberkas short ribs.\r\n\r\nHam sausage burgdoggen tongue cupim swine turducken boudin beef drumstick pancetta. Flank shankle bresaola ham hock chicken short ribs, jowl pork loin bacon kevin beef ribs hamburger. Prosciutto buffalo jerky ribeye cupim landjaeger pork boudin ham jowl. Ribeye flank beef chicken short loin buffalo andouille.\r\n\r\nPastrami ham hock tenderloin, shankle chislic corned beef ribeye ball tip sausage meatloaf. Jerky turducken tail, kevin pancetta rump pig sausage porchetta bacon jowl pork loin ham hock. Shank pork buffalo alcatra jerky. Filet mignon ground round short ribs, pancetta salami ham hock picanha turducken tail tenderloin beef shoulder. Chislic cow prosciutto, jerky cupim leberkas pork loin pork belly chuck. Sausage kielbasa buffalo ground round burgdoggen. Spare ribs short loin chuck, meatloaf jowl andouille pig sausage chislic shankle picanha.', 0, 'commercial, for lease, SM North', 0),
(42, 15, 'Apartment (Rent to Own) Quezon City', 'sirjean_', '2022-03-31', 'apartment-1.jpg', 'Bacon ipsum dolor amet sirloin filet mignon pastrami fatback, tri-tip shank strip steak drumstick venison chicken andouille. Burgdoggen t-bone pastrami meatball ribeye jerky strip steak salami beef kevin doner tongue shank tail. Filet mignon turducken capicola frankfurter. Cupim beef chicken hamburger shank jowl. Ground round boudin kielbasa cow. Boudin strip steak ground round meatball filet mignon shankle jowl brisket sirloin venison capicola beef ribs short loin rump. Tri-tip biltong strip steak shank salami t-bone kielbasa meatball swine.\r\n\r\nTurducken boudin buffalo ball tip pork capicola cow ribeye drumstick short loin picanha salami. Pork chop pastrami brisket porchetta short loin, buffalo turkey chicken hamburger kevin venison sirloin. Brisket pig spare ribs tail jowl prosciutto turkey short ribs meatball shank drumstick fatback shankle sausage. T-bone shankle beef, bresaola chicken turducken filet mignon flank rump hamburger sirloin.\r\n\r\nBuffalo turducken fatback, shank short ribs pork cupim doner venison prosciutto. Pork loin tri-tip filet mignon ground round. Swine bresaola drumstick sirloin hamburger pork chop biltong pork loin meatloaf pancetta tongue pig corned beef. Prosciutto alcatra turducken filet mignon, shankle pig kevin leberkas cow hamburger cupim swine sirloin. Prosciutto short ribs venison drumstick bacon sirloin. Landjaeger leberkas sausage spare ribs pork belly pancetta burgdoggen cupim kielbasa cow corned beef capicola biltong chicken jowl. Turkey turducken capicola picanha landjaeger shankle chislic beef ribs drumstick ball tip pork chop pig frankfurter leberkas short ribs.\r\n\r\nHam sausage burgdoggen tongue cupim swine turducken boudin beef drumstick pancetta. Flank shankle bresaola ham hock chicken short ribs, jowl pork loin bacon kevin beef ribs hamburger. Prosciutto buffalo jerky ribeye cupim landjaeger pork boudin ham jowl. Ribeye flank beef chicken short loin buffalo andouille.\r\n\r\nPastrami ham hock tenderloin, shankle chislic corned beef ribeye ball tip sausage meatloaf. Jerky turducken tail, kevin pancetta rump pig sausage porchetta bacon jowl pork loin ham hock. Shank pork buffalo alcatra jerky. Filet mignon ground round short ribs, pancetta salami ham hock picanha turducken tail tenderloin beef shoulder. Chislic cow prosciutto, jerky cupim leberkas pork loin pork belly chuck. Sausage kielbasa buffalo ground round burgdoggen. Spare ribs short loin chuck, meatloaf jowl andouille pig sausage chislic shankle picanha.', 0, 'apartment, rent to own, quezon city', 0),
(43, 2, 'Condominium (Rent to Own) Valenzuela', 'patrick_', '2022-03-31', 'condo-2.jpg', 'Bacon ipsum dolor amet beef biltong tail, doner strip steak tongue spare ribs bresaola jowl fatback shoulder salami meatball hamburger pig. Hamburger pork loin andouille, swine ham hock ground round short ribs chislic frankfurter. Chicken andouille buffalo venison doner pastrami t-bone, rump jerky tongue capicola flank. Sirloin filet mignon turkey, ball tip meatloaf hamburger prosciutto pancetta capicola t-bone fatback brisket bacon doner spare ribs. Buffalo pancetta spare ribs ham. Shankle tri-tip jowl, strip steak fatback frankfurter ribeye sausage picanha pork chop sirloin.\r\n\r\nPastrami tail picanha, frankfurter buffalo tenderloin pork belly drumstick sausage bresaola brisket bacon. Sirloin bacon ribeye prosciutto pork loin burgdoggen beef short ribs meatball ball tip pig kevin. Ribeye kevin cupim tenderloin turducken, t-bone hamburger alcatra spare ribs filet mignon strip steak ball tip buffalo pork chop biltong. Ground round ham hock landjaeger burgdoggen alcatra chislic turkey pancetta pig flank shankle short ribs. Spare ribs jowl turducken pancetta salami ribeye. Tongue boudin picanha porchetta ground round pastrami buffalo strip steak.\r\n\r\nTurkey tri-tip sausage meatball doner buffalo tongue corned beef ribeye fatback. Beef jowl shank cow chislic, sirloin pork pastrami. Tri-tip pancetta prosciutto tail bresaola flank. Picanha shankle capicola chuck buffalo, kielbasa spare ribs biltong ham.\r\n\r\nBrisket meatball kielbasa, picanha chuck prosciutto buffalo biltong jowl. Fatback ground round turducken, meatloaf bacon pancetta tenderloin pork loin swine jowl chicken. Kielbasa doner swine landjaeger meatloaf flank beef ribs. Kielbasa meatball corned beef, venison tenderloin bacon filet mignon porchetta pork chop ball tip prosciutto jerky pork belly. Tongue drumstick beef ribs bresaola leberkas pork chop ribeye pancetta jowl pork turducken boudin. Ribeye rump spare ribs prosciutto jowl pork chop beef swine.\r\n\r\nMeatloaf turducken cow capicola cupim strip steak shoulder, andouille pork belly shankle biltong frankfurter drumstick chuck boudin. Ground round cupim pork belly pig, pastrami shankle bresaola jowl. Drumstick beef ribs turkey burgdoggen ham hock sirloin meatloaf pastrami bacon. Ham chuck boudin chicken buffalo, drumstick capicola hamburger turducken pork loin. Shank frankfurter bresaola pork. Kevin ground round rump ribeye pork loin turkey.\r\n\r\nDoes your lorem ipsum text long for something a little meatier? Give our generator a try… it’s tasty!', 0, 'condominium , rent to own, valenzuela', 0),
(44, 3, 'Dormitory (Walking Distance from LPU)', 'patrick_', '2022-03-31', 'dorm-2.jpg', 'Bacon ipsum dolor amet beef biltong tail, doner strip steak tongue spare ribs bresaola jowl fatback shoulder salami meatball hamburger pig. Hamburger pork loin andouille, swine ham hock ground round short ribs chislic frankfurter. Chicken andouille buffalo venison doner pastrami t-bone, rump jerky tongue capicola flank. Sirloin filet mignon turkey, ball tip meatloaf hamburger prosciutto pancetta capicola t-bone fatback brisket bacon doner spare ribs. Buffalo pancetta spare ribs ham. Shankle tri-tip jowl, strip steak fatback frankfurter ribeye sausage picanha pork chop sirloin.\r\n\r\nPastrami tail picanha, frankfurter buffalo tenderloin pork belly drumstick sausage bresaola brisket bacon. Sirloin bacon ribeye prosciutto pork loin burgdoggen beef short ribs meatball ball tip pig kevin. Ribeye kevin cupim tenderloin turducken, t-bone hamburger alcatra spare ribs filet mignon strip steak ball tip buffalo pork chop biltong. Ground round ham hock landjaeger burgdoggen alcatra chislic turkey pancetta pig flank shankle short ribs. Spare ribs jowl turducken pancetta salami ribeye. Tongue boudin picanha porchetta ground round pastrami buffalo strip steak.\r\n\r\nTurkey tri-tip sausage meatball doner buffalo tongue corned beef ribeye fatback. Beef jowl shank cow chislic, sirloin pork pastrami. Tri-tip pancetta prosciutto tail bresaola flank. Picanha shankle capicola chuck buffalo, kielbasa spare ribs biltong ham.\r\n\r\nBrisket meatball kielbasa, picanha chuck prosciutto buffalo biltong jowl. Fatback ground round turducken, meatloaf bacon pancetta tenderloin pork loin swine jowl chicken. Kielbasa doner swine landjaeger meatloaf flank beef ribs. Kielbasa meatball corned beef, venison tenderloin bacon filet mignon porchetta pork chop ball tip prosciutto jerky pork belly. Tongue drumstick beef ribs bresaola leberkas pork chop ribeye pancetta jowl pork turducken boudin. Ribeye rump spare ribs prosciutto jowl pork chop beef swine.\r\n\r\nMeatloaf turducken cow capicola cupim strip steak shoulder, andouille pork belly shankle biltong frankfurter drumstick chuck boudin. Ground round cupim pork belly pig, pastrami shankle bresaola jowl. Drumstick beef ribs turkey burgdoggen ham hock sirloin meatloaf pastrami bacon. Ham chuck boudin chicken buffalo, drumstick capicola hamburger turducken pork loin. Shank frankfurter bresaola pork. Kevin ground round rump ribeye pork loin turkey.\r\n\r\nDoes your lorem ipsum text long for something a little meatier? Give our generator a try… it’s tasty!', 0, 'walking distance, lpu, near lpu', 0),
(45, 4, 'Commercial Lease in Valenzuela (In front of SM North)', 'patrick_', '2022-03-31', 'commercial-2.jpg', 'Bacon ipsum dolor amet beef biltong tail, doner strip steak tongue spare ribs bresaola jowl fatback shoulder salami meatball hamburger pig. Hamburger pork loin andouille, swine ham hock ground round short ribs chislic frankfurter. Chicken andouille buffalo venison doner pastrami t-bone, rump jerky tongue capicola flank. Sirloin filet mignon turkey, ball tip meatloaf hamburger prosciutto pancetta capicola t-bone fatback brisket bacon doner spare ribs. Buffalo pancetta spare ribs ham. Shankle tri-tip jowl, strip steak fatback frankfurter ribeye sausage picanha pork chop sirloin.\r\n\r\nPastrami tail picanha, frankfurter buffalo tenderloin pork belly drumstick sausage bresaola brisket bacon. Sirloin bacon ribeye prosciutto pork loin burgdoggen beef short ribs meatball ball tip pig kevin. Ribeye kevin cupim tenderloin turducken, t-bone hamburger alcatra spare ribs filet mignon strip steak ball tip buffalo pork chop biltong. Ground round ham hock landjaeger burgdoggen alcatra chislic turkey pancetta pig flank shankle short ribs. Spare ribs jowl turducken pancetta salami ribeye. Tongue boudin picanha porchetta ground round pastrami buffalo strip steak.\r\n\r\nTurkey tri-tip sausage meatball doner buffalo tongue corned beef ribeye fatback. Beef jowl shank cow chislic, sirloin pork pastrami. Tri-tip pancetta prosciutto tail bresaola flank. Picanha shankle capicola chuck buffalo, kielbasa spare ribs biltong ham.\r\n\r\nBrisket meatball kielbasa, picanha chuck prosciutto buffalo biltong jowl. Fatback ground round turducken, meatloaf bacon pancetta tenderloin pork loin swine jowl chicken. Kielbasa doner swine landjaeger meatloaf flank beef ribs. Kielbasa meatball corned beef, venison tenderloin bacon filet mignon porchetta pork chop ball tip prosciutto jerky pork belly. Tongue drumstick beef ribs bresaola leberkas pork chop ribeye pancetta jowl pork turducken boudin. Ribeye rump spare ribs prosciutto jowl pork chop beef swine.\r\n\r\nMeatloaf turducken cow capicola cupim strip steak shoulder, andouille pork belly shankle biltong frankfurter drumstick chuck boudin. Ground round cupim pork belly pig, pastrami shankle bresaola jowl. Drumstick beef ribs turkey burgdoggen ham hock sirloin meatloaf pastrami bacon. Ham chuck boudin chicken buffalo, drumstick capicola hamburger turducken pork loin. Shank frankfurter bresaola pork. Kevin ground round rump ribeye pork loin turkey.\r\n\r\nDoes your lorem ipsum text long for something a little meatier? Give our generator a try… it’s tasty!', 0, 'commercial, for lease, Valenzuela', 0),
(46, 15, 'Apartment for Rent (Maysan)', 'patrick_', '2022-03-31', 'apartment-2.jpg', 'Bacon ipsum dolor amet beef biltong tail, doner strip steak tongue spare ribs bresaola jowl fatback shoulder salami meatball hamburger pig. Hamburger pork loin andouille, swine ham hock ground round short ribs chislic frankfurter. Chicken andouille buffalo venison doner pastrami t-bone, rump jerky tongue capicola flank. Sirloin filet mignon turkey, ball tip meatloaf hamburger prosciutto pancetta capicola t-bone fatback brisket bacon doner spare ribs. Buffalo pancetta spare ribs ham. Shankle tri-tip jowl, strip steak fatback frankfurter ribeye sausage picanha pork chop sirloin.\r\n\r\nPastrami tail picanha, frankfurter buffalo tenderloin pork belly drumstick sausage bresaola brisket bacon. Sirloin bacon ribeye prosciutto pork loin burgdoggen beef short ribs meatball ball tip pig kevin. Ribeye kevin cupim tenderloin turducken, t-bone hamburger alcatra spare ribs filet mignon strip steak ball tip buffalo pork chop biltong. Ground round ham hock landjaeger burgdoggen alcatra chislic turkey pancetta pig flank shankle short ribs. Spare ribs jowl turducken pancetta salami ribeye. Tongue boudin picanha porchetta ground round pastrami buffalo strip steak.\r\n\r\nTurkey tri-tip sausage meatball doner buffalo tongue corned beef ribeye fatback. Beef jowl shank cow chislic, sirloin pork pastrami. Tri-tip pancetta prosciutto tail bresaola flank. Picanha shankle capicola chuck buffalo, kielbasa spare ribs biltong ham.\r\n\r\nBrisket meatball kielbasa, picanha chuck prosciutto buffalo biltong jowl. Fatback ground round turducken, meatloaf bacon pancetta tenderloin pork loin swine jowl chicken. Kielbasa doner swine landjaeger meatloaf flank beef ribs. Kielbasa meatball corned beef, venison tenderloin bacon filet mignon porchetta pork chop ball tip prosciutto jerky pork belly. Tongue drumstick beef ribs bresaola leberkas pork chop ribeye pancetta jowl pork turducken boudin. Ribeye rump spare ribs prosciutto jowl pork chop beef swine.\r\n\r\nMeatloaf turducken cow capicola cupim strip steak shoulder, andouille pork belly shankle biltong frankfurter drumstick chuck boudin. Ground round cupim pork belly pig, pastrami shankle bresaola jowl. Drumstick beef ribs turkey burgdoggen ham hock sirloin meatloaf pastrami bacon. Ham chuck boudin chicken buffalo, drumstick capicola hamburger turducken pork loin. Shank frankfurter bresaola pork. Kevin ground round rump ribeye pork loin turkey.\r\n\r\nDoes your lorem ipsum text long for something a little meatier? Give our generator a try… it’s tasty!', 0, 'apartment, for rent, cheap,', 0),
(47, 2, 'Condominium in Santolan (17,000)', 'roniel_', '2022-03-31', 'condo-3.jpg', 'Bacon ipsum dolor amet beef biltong tail, doner strip steak tongue spare ribs bresaola jowl fatback shoulder salami meatball hamburger pig. Hamburger pork loin andouille, swine ham hock ground round short ribs chislic frankfurter. Chicken andouille buffalo venison doner pastrami t-bone, rump jerky tongue capicola flank. Sirloin filet mignon turkey, ball tip meatloaf hamburger prosciutto pancetta capicola t-bone fatback brisket bacon doner spare ribs. Buffalo pancetta spare ribs ham. Shankle tri-tip jowl, strip steak fatback frankfurter ribeye sausage picanha pork chop sirloin.\r\n\r\nPastrami tail picanha, frankfurter buffalo tenderloin pork belly drumstick sausage bresaola brisket bacon. Sirloin bacon ribeye prosciutto pork loin burgdoggen beef short ribs meatball ball tip pig kevin. Ribeye kevin cupim tenderloin turducken, t-bone hamburger alcatra spare ribs filet mignon strip steak ball tip buffalo pork chop biltong. Ground round ham hock landjaeger burgdoggen alcatra chislic turkey pancetta pig flank shankle short ribs. Spare ribs jowl turducken pancetta salami ribeye. Tongue boudin picanha porchetta ground round pastrami buffalo strip steak.\r\n\r\nTurkey tri-tip sausage meatball doner buffalo tongue corned beef ribeye fatback. Beef jowl shank cow chislic, sirloin pork pastrami. Tri-tip pancetta prosciutto tail bresaola flank. Picanha shankle capicola chuck buffalo, kielbasa spare ribs biltong ham.\r\n\r\nBrisket meatball kielbasa, picanha chuck prosciutto buffalo biltong jowl. Fatback ground round turducken, meatloaf bacon pancetta tenderloin pork loin swine jowl chicken. Kielbasa doner swine landjaeger meatloaf flank beef ribs. Kielbasa meatball corned beef, venison tenderloin bacon filet mignon porchetta pork chop ball tip prosciutto jerky pork belly. Tongue drumstick beef ribs bresaola leberkas pork chop ribeye pancetta jowl pork turducken boudin. Ribeye rump spare ribs prosciutto jowl pork chop beef swine.\r\n\r\nMeatloaf turducken cow capicola cupim strip steak shoulder, andouille pork belly shankle biltong frankfurter drumstick chuck boudin. Ground round cupim pork belly pig, pastrami shankle bresaola jowl. Drumstick beef ribs turkey burgdoggen ham hock sirloin meatloaf pastrami bacon. Ham chuck boudin chicken buffalo, drumstick capicola hamburger turducken pork loin. Shank frankfurter bresaola pork. Kevin ground round rump ribeye pork loin turkey.\r\n\r\nDoes your lorem ipsum text long for something a little meatier? Give our generator a try… it’s tasty!', 0, 'santolan, condominium', 0),
(48, 3, 'Dormitory (Near UE)', 'roniel_', '2022-03-31', 'dorm-3.jpg', 'Bacon ipsum dolor amet beef biltong tail, doner strip steak tongue spare ribs bresaola jowl fatback shoulder salami meatball hamburger pig. Hamburger pork loin andouille, swine ham hock ground round short ribs chislic frankfurter. Chicken andouille buffalo venison doner pastrami t-bone, rump jerky tongue capicola flank. Sirloin filet mignon turkey, ball tip meatloaf hamburger prosciutto pancetta capicola t-bone fatback brisket bacon doner spare ribs. Buffalo pancetta spare ribs ham. Shankle tri-tip jowl, strip steak fatback frankfurter ribeye sausage picanha pork chop sirloin.\r\n\r\nPastrami tail picanha, frankfurter buffalo tenderloin pork belly drumstick sausage bresaola brisket bacon. Sirloin bacon ribeye prosciutto pork loin burgdoggen beef short ribs meatball ball tip pig kevin. Ribeye kevin cupim tenderloin turducken, t-bone hamburger alcatra spare ribs filet mignon strip steak ball tip buffalo pork chop biltong. Ground round ham hock landjaeger burgdoggen alcatra chislic turkey pancetta pig flank shankle short ribs. Spare ribs jowl turducken pancetta salami ribeye. Tongue boudin picanha porchetta ground round pastrami buffalo strip steak.\r\n\r\nTurkey tri-tip sausage meatball doner buffalo tongue corned beef ribeye fatback. Beef jowl shank cow chislic, sirloin pork pastrami. Tri-tip pancetta prosciutto tail bresaola flank. Picanha shankle capicola chuck buffalo, kielbasa spare ribs biltong ham.\r\n\r\nBrisket meatball kielbasa, picanha chuck prosciutto buffalo biltong jowl. Fatback ground round turducken, meatloaf bacon pancetta tenderloin pork loin swine jowl chicken. Kielbasa doner swine landjaeger meatloaf flank beef ribs. Kielbasa meatball corned beef, venison tenderloin bacon filet mignon porchetta pork chop ball tip prosciutto jerky pork belly. Tongue drumstick beef ribs bresaola leberkas pork chop ribeye pancetta jowl pork turducken boudin. Ribeye rump spare ribs prosciutto jowl pork chop beef swine.\r\n\r\nMeatloaf turducken cow capicola cupim strip steak shoulder, andouille pork belly shankle biltong frankfurter drumstick chuck boudin. Ground round cupim pork belly pig, pastrami shankle bresaola jowl. Drumstick beef ribs turkey burgdoggen ham hock sirloin meatloaf pastrami bacon. Ham chuck boudin chicken buffalo, drumstick capicola hamburger turducken pork loin. Shank frankfurter bresaola pork. Kevin ground round rump ribeye pork loin turkey.\r\n\r\nDoes your lorem ipsum text long for something a little meatier? Give our generator a try… it’s tasty!', 0, 'dormitory, ue, near ue', 0),
(49, 4, 'Commercial for Lease (Behind Trinoma)', 'roniel_', '2022-03-31', 'commercial-3.jpg', 'Bacon ipsum dolor amet beef biltong tail, doner strip steak tongue spare ribs bresaola jowl fatback shoulder salami meatball hamburger pig. Hamburger pork loin andouille, swine ham hock ground round short ribs chislic frankfurter. Chicken andouille buffalo venison doner pastrami t-bone, rump jerky tongue capicola flank. Sirloin filet mignon turkey, ball tip meatloaf hamburger prosciutto pancetta capicola t-bone fatback brisket bacon doner spare ribs. Buffalo pancetta spare ribs ham. Shankle tri-tip jowl, strip steak fatback frankfurter ribeye sausage picanha pork chop sirloin.\r\n\r\nPastrami tail picanha, frankfurter buffalo tenderloin pork belly drumstick sausage bresaola brisket bacon. Sirloin bacon ribeye prosciutto pork loin burgdoggen beef short ribs meatball ball tip pig kevin. Ribeye kevin cupim tenderloin turducken, t-bone hamburger alcatra spare ribs filet mignon strip steak ball tip buffalo pork chop biltong. Ground round ham hock landjaeger burgdoggen alcatra chislic turkey pancetta pig flank shankle short ribs. Spare ribs jowl turducken pancetta salami ribeye. Tongue boudin picanha porchetta ground round pastrami buffalo strip steak.\r\n\r\nTurkey tri-tip sausage meatball doner buffalo tongue corned beef ribeye fatback. Beef jowl shank cow chislic, sirloin pork pastrami. Tri-tip pancetta prosciutto tail bresaola flank. Picanha shankle capicola chuck buffalo, kielbasa spare ribs biltong ham.\r\n\r\nBrisket meatball kielbasa, picanha chuck prosciutto buffalo biltong jowl. Fatback ground round turducken, meatloaf bacon pancetta tenderloin pork loin swine jowl chicken. Kielbasa doner swine landjaeger meatloaf flank beef ribs. Kielbasa meatball corned beef, venison tenderloin bacon filet mignon porchetta pork chop ball tip prosciutto jerky pork belly. Tongue drumstick beef ribs bresaola leberkas pork chop ribeye pancetta jowl pork turducken boudin. Ribeye rump spare ribs prosciutto jowl pork chop beef swine.\r\n\r\nMeatloaf turducken cow capicola cupim strip steak shoulder, andouille pork belly shankle biltong frankfurter drumstick chuck boudin. Ground round cupim pork belly pig, pastrami shankle bresaola jowl. Drumstick beef ribs turkey burgdoggen ham hock sirloin meatloaf pastrami bacon. Ham chuck boudin chicken buffalo, drumstick capicola hamburger turducken pork loin. Shank frankfurter bresaola pork. Kevin ground round rump ribeye pork loin turkey.\r\n\r\nDoes your lorem ipsum text long for something a little meatier? Give our generator a try… it’s tasty!', 0, 'commericial, for lease, trinoma', 0),
(51, 15, 'Apartment for Rent Manila (Near Dangwa)', 'roniel_', '2022-03-31', 'apartment-3.jpg', 'Bacon ipsum dolor amet beef biltong tail, doner strip steak tongue spare ribs bresaola jowl fatback shoulder salami meatball hamburger pig. Hamburger pork loin andouille, swine ham hock ground round short ribs chislic frankfurter. Chicken andouille buffalo venison doner pastrami t-bone, rump jerky tongue capicola flank. Sirloin filet mignon turkey, ball tip meatloaf hamburger prosciutto pancetta capicola t-bone fatback brisket bacon doner spare ribs. Buffalo pancetta spare ribs ham. Shankle tri-tip jowl, strip steak fatback frankfurter ribeye sausage picanha pork chop sirloin.\r\n\r\nPastrami tail picanha, frankfurter buffalo tenderloin pork belly drumstick sausage bresaola brisket bacon. Sirloin bacon ribeye prosciutto pork loin burgdoggen beef short ribs meatball ball tip pig kevin. Ribeye kevin cupim tenderloin turducken, t-bone hamburger alcatra spare ribs filet mignon strip steak ball tip buffalo pork chop biltong. Ground round ham hock landjaeger burgdoggen alcatra chislic turkey pancetta pig flank shankle short ribs. Spare ribs jowl turducken pancetta salami ribeye. Tongue boudin picanha porchetta ground round pastrami buffalo strip steak.\r\n\r\nTurkey tri-tip sausage meatball doner buffalo tongue corned beef ribeye fatback. Beef jowl shank cow chislic, sirloin pork pastrami. Tri-tip pancetta prosciutto tail bresaola flank. Picanha shankle capicola chuck buffalo, kielbasa spare ribs biltong ham.\r\n\r\nBrisket meatball kielbasa, picanha chuck prosciutto buffalo biltong jowl. Fatback ground round turducken, meatloaf bacon pancetta tenderloin pork loin swine jowl chicken. Kielbasa doner swine landjaeger meatloaf flank beef ribs. Kielbasa meatball corned beef, venison tenderloin bacon filet mignon porchetta pork chop ball tip prosciutto jerky pork belly. Tongue drumstick beef ribs bresaola leberkas pork chop ribeye pancetta jowl pork turducken boudin. Ribeye rump spare ribs prosciutto jowl pork chop beef swine.\r\n\r\nMeatloaf turducken cow capicola cupim strip steak shoulder, andouille pork belly shankle biltong frankfurter drumstick chuck boudin. Ground round cupim pork belly pig, pastrami shankle bresaola jowl. Drumstick beef ribs turkey burgdoggen ham hock sirloin meatloaf pastrami bacon. Ham chuck boudin chicken buffalo, drumstick capicola hamburger turducken pork loin. Shank frankfurter bresaola pork. Kevin ground round rump ribeye pork loin turkey.\r\n\r\nDoes your lorem ipsum text long for something a little meatier? Give our generator a try… it’s tasty!', 0, 'apartment, manila, dangwa', 0),
(52, 2, 'Condominium for Rent (Manila)', 'veronica_', '2022-03-31', 'condo-4.jpg', 'Bacon ipsum dolor amet beef biltong tail, doner strip steak tongue spare ribs bresaola jowl fatback shoulder salami meatball hamburger pig. Hamburger pork loin andouille, swine ham hock ground round short ribs chislic frankfurter. Chicken andouille buffalo venison doner pastrami t-bone, rump jerky tongue capicola flank. Sirloin filet mignon turkey, ball tip meatloaf hamburger prosciutto pancetta capicola t-bone fatback brisket bacon doner spare ribs. Buffalo pancetta spare ribs ham. Shankle tri-tip jowl, strip steak fatback frankfurter ribeye sausage picanha pork chop sirloin.\r\n\r\nPastrami tail picanha, frankfurter buffalo tenderloin pork belly drumstick sausage bresaola brisket bacon. Sirloin bacon ribeye prosciutto pork loin burgdoggen beef short ribs meatball ball tip pig kevin. Ribeye kevin cupim tenderloin turducken, t-bone hamburger alcatra spare ribs filet mignon strip steak ball tip buffalo pork chop biltong. Ground round ham hock landjaeger burgdoggen alcatra chislic turkey pancetta pig flank shankle short ribs. Spare ribs jowl turducken pancetta salami ribeye. Tongue boudin picanha porchetta ground round pastrami buffalo strip steak.\r\n\r\nTurkey tri-tip sausage meatball doner buffalo tongue corned beef ribeye fatback. Beef jowl shank cow chislic, sirloin pork pastrami. Tri-tip pancetta prosciutto tail bresaola flank. Picanha shankle capicola chuck buffalo, kielbasa spare ribs biltong ham.\r\n\r\nBrisket meatball kielbasa, picanha chuck prosciutto buffalo biltong jowl. Fatback ground round turducken, meatloaf bacon pancetta tenderloin pork loin swine jowl chicken. Kielbasa doner swine landjaeger meatloaf flank beef ribs. Kielbasa meatball corned beef, venison tenderloin bacon filet mignon porchetta pork chop ball tip prosciutto jerky pork belly. Tongue drumstick beef ribs bresaola leberkas pork chop ribeye pancetta jowl pork turducken boudin. Ribeye rump spare ribs prosciutto jowl pork chop beef swine.\r\n\r\nMeatloaf turducken cow capicola cupim strip steak shoulder, andouille pork belly shankle biltong frankfurter drumstick chuck boudin. Ground round cupim pork belly pig, pastrami shankle bresaola jowl. Drumstick beef ribs turkey burgdoggen ham hock sirloin meatloaf pastrami bacon. Ham chuck boudin chicken buffalo, drumstick capicola hamburger turducken pork loin. Shank frankfurter bresaola pork. Kevin ground round rump ribeye pork loin turkey.\r\n\r\nDoes your lorem ipsum text long for something a little meatier? Give our generator a try… it’s tasty!', 0, 'condominium, manila', 0),
(53, 3, 'Dormitory in Katipunan', 'veronica_', '2022-03-31', 'dorm-4.jpg', 'Bacon ipsum dolor amet beef biltong tail, doner strip steak tongue spare ribs bresaola jowl fatback shoulder salami meatball hamburger pig. Hamburger pork loin andouille, swine ham hock ground round short ribs chislic frankfurter. Chicken andouille buffalo venison doner pastrami t-bone, rump jerky tongue capicola flank. Sirloin filet mignon turkey, ball tip meatloaf hamburger prosciutto pancetta capicola t-bone fatback brisket bacon doner spare ribs. Buffalo pancetta spare ribs ham. Shankle tri-tip jowl, strip steak fatback frankfurter ribeye sausage picanha pork chop sirloin.\r\n\r\nPastrami tail picanha, frankfurter buffalo tenderloin pork belly drumstick sausage bresaola brisket bacon. Sirloin bacon ribeye prosciutto pork loin burgdoggen beef short ribs meatball ball tip pig kevin. Ribeye kevin cupim tenderloin turducken, t-bone hamburger alcatra spare ribs filet mignon strip steak ball tip buffalo pork chop biltong. Ground round ham hock landjaeger burgdoggen alcatra chislic turkey pancetta pig flank shankle short ribs. Spare ribs jowl turducken pancetta salami ribeye. Tongue boudin picanha porchetta ground round pastrami buffalo strip steak.\r\n\r\nTurkey tri-tip sausage meatball doner buffalo tongue corned beef ribeye fatback. Beef jowl shank cow chislic, sirloin pork pastrami. Tri-tip pancetta prosciutto tail bresaola flank. Picanha shankle capicola chuck buffalo, kielbasa spare ribs biltong ham.\r\n\r\nBrisket meatball kielbasa, picanha chuck prosciutto buffalo biltong jowl. Fatback ground round turducken, meatloaf bacon pancetta tenderloin pork loin swine jowl chicken. Kielbasa doner swine landjaeger meatloaf flank beef ribs. Kielbasa meatball corned beef, venison tenderloin bacon filet mignon porchetta pork chop ball tip prosciutto jerky pork belly. Tongue drumstick beef ribs bresaola leberkas pork chop ribeye pancetta jowl pork turducken boudin. Ribeye rump spare ribs prosciutto jowl pork chop beef swine.\r\n\r\nMeatloaf turducken cow capicola cupim strip steak shoulder, andouille pork belly shankle biltong frankfurter drumstick chuck boudin. Ground round cupim pork belly pig, pastrami shankle bresaola jowl. Drumstick beef ribs turkey burgdoggen ham hock sirloin meatloaf pastrami bacon. Ham chuck boudin chicken buffalo, drumstick capicola hamburger turducken pork loin. Shank frankfurter bresaola pork. Kevin ground round rump ribeye pork loin turkey.\r\n\r\nDoes your lorem ipsum text long for something a little meatier? Give our generator a try… it’s tasty!', 0, 'dormitory, katipunan', 0),
(54, 4, 'Commercial Place (San Pablo)', 'veronica_', '2022-03-31', 'commercial-4.jpg', 'Bacon ipsum dolor amet beef biltong tail, doner strip steak tongue spare ribs bresaola jowl fatback shoulder salami meatball hamburger pig. Hamburger pork loin andouille, swine ham hock ground round short ribs chislic frankfurter. Chicken andouille buffalo venison doner pastrami t-bone, rump jerky tongue capicola flank. Sirloin filet mignon turkey, ball tip meatloaf hamburger prosciutto pancetta capicola t-bone fatback brisket bacon doner spare ribs. Buffalo pancetta spare ribs ham. Shankle tri-tip jowl, strip steak fatback frankfurter ribeye sausage picanha pork chop sirloin.\r\n\r\nPastrami tail picanha, frankfurter buffalo tenderloin pork belly drumstick sausage bresaola brisket bacon. Sirloin bacon ribeye prosciutto pork loin burgdoggen beef short ribs meatball ball tip pig kevin. Ribeye kevin cupim tenderloin turducken, t-bone hamburger alcatra spare ribs filet mignon strip steak ball tip buffalo pork chop biltong. Ground round ham hock landjaeger burgdoggen alcatra chislic turkey pancetta pig flank shankle short ribs. Spare ribs jowl turducken pancetta salami ribeye. Tongue boudin picanha porchetta ground round pastrami buffalo strip steak.\r\n\r\nTurkey tri-tip sausage meatball doner buffalo tongue corned beef ribeye fatback. Beef jowl shank cow chislic, sirloin pork pastrami. Tri-tip pancetta prosciutto tail bresaola flank. Picanha shankle capicola chuck buffalo, kielbasa spare ribs biltong ham.\r\n\r\nBrisket meatball kielbasa, picanha chuck prosciutto buffalo biltong jowl. Fatback ground round turducken, meatloaf bacon pancetta tenderloin pork loin swine jowl chicken. Kielbasa doner swine landjaeger meatloaf flank beef ribs. Kielbasa meatball corned beef, venison tenderloin bacon filet mignon porchetta pork chop ball tip prosciutto jerky pork belly. Tongue drumstick beef ribs bresaola leberkas pork chop ribeye pancetta jowl pork turducken boudin. Ribeye rump spare ribs prosciutto jowl pork chop beef swine.\r\n\r\nMeatloaf turducken cow capicola cupim strip steak shoulder, andouille pork belly shankle biltong frankfurter drumstick chuck boudin. Ground round cupim pork belly pig, pastrami shankle bresaola jowl. Drumstick beef ribs turkey burgdoggen ham hock sirloin meatloaf pastrami bacon. Ham chuck boudin chicken buffalo, drumstick capicola hamburger turducken pork loin. Shank frankfurter bresaola pork. Kevin ground round rump ribeye pork loin turkey.\r\n\r\nDoes your lorem ipsum text long for something a little meatier? Give our generator a try… it’s tasty!', 0, 'commercial, for lease, san pablo', 0),
(55, 15, 'Apartment (14,000)', 'veronica_', '2022-03-31', 'apartment-4.jpg', 'Bacon ipsum dolor amet beef biltong tail, doner strip steak tongue spare ribs bresaola jowl fatback shoulder salami meatball hamburger pig. Hamburger pork loin andouille, swine ham hock ground round short ribs chislic frankfurter. Chicken andouille buffalo venison doner pastrami t-bone, rump jerky tongue capicola flank. Sirloin filet mignon turkey, ball tip meatloaf hamburger prosciutto pancetta capicola t-bone fatback brisket bacon doner spare ribs. Buffalo pancetta spare ribs ham. Shankle tri-tip jowl, strip steak fatback frankfurter ribeye sausage picanha pork chop sirloin.\r\n\r\nPastrami tail picanha, frankfurter buffalo tenderloin pork belly drumstick sausage bresaola brisket bacon. Sirloin bacon ribeye prosciutto pork loin burgdoggen beef short ribs meatball ball tip pig kevin. Ribeye kevin cupim tenderloin turducken, t-bone hamburger alcatra spare ribs filet mignon strip steak ball tip buffalo pork chop biltong. Ground round ham hock landjaeger burgdoggen alcatra chislic turkey pancetta pig flank shankle short ribs. Spare ribs jowl turducken pancetta salami ribeye. Tongue boudin picanha porchetta ground round pastrami buffalo strip steak.\r\n\r\nTurkey tri-tip sausage meatball doner buffalo tongue corned beef ribeye fatback. Beef jowl shank cow chislic, sirloin pork pastrami. Tri-tip pancetta prosciutto tail bresaola flank. Picanha shankle capicola chuck buffalo, kielbasa spare ribs biltong ham.\r\n\r\nBrisket meatball kielbasa, picanha chuck prosciutto buffalo biltong jowl. Fatback ground round turducken, meatloaf bacon pancetta tenderloin pork loin swine jowl chicken. Kielbasa doner swine landjaeger meatloaf flank beef ribs. Kielbasa meatball corned beef, venison tenderloin bacon filet mignon porchetta pork chop ball tip prosciutto jerky pork belly. Tongue drumstick beef ribs bresaola leberkas pork chop ribeye pancetta jowl pork turducken boudin. Ribeye rump spare ribs prosciutto jowl pork chop beef swine.\r\n\r\nMeatloaf turducken cow capicola cupim strip steak shoulder, andouille pork belly shankle biltong frankfurter drumstick chuck boudin. Ground round cupim pork belly pig, pastrami shankle bresaola jowl. Drumstick beef ribs turkey burgdoggen ham hock sirloin meatloaf pastrami bacon. Ham chuck boudin chicken buffalo, drumstick capicola hamburger turducken pork loin. Shank frankfurter bresaola pork. Kevin ground round rump ribeye pork loin turkey.\r\n\r\nDoes your lorem ipsum text long for something a little meatier? Give our generator a try… it’s tasty!', 0, 'apartment, cheap, las pinas', 0);

-- --------------------------------------------------------

--
-- Table structure for table `users`
--

CREATE TABLE `users` (
  `user_id` int(3) NOT NULL,
  `username` varchar(255) NOT NULL,
  `user_password` varchar(255) NOT NULL,
  `user_firstname` varchar(255) NOT NULL,
  `user_lastname` varchar(255) NOT NULL,
  `user_email` varchar(255) NOT NULL,
  `user_image` text NOT NULL,
  `user_role` varchar(255) NOT NULL,
  `randSalt` varchar(255) NOT NULL
) ENGINE=InnoDB DEFAULT CHARSET=utf8mb4;

--
-- Dumping data for table `users`
--

INSERT INTO `users` (`user_id`, `username`, `user_password`, `user_firstname`, `user_lastname`, `user_email`, `user_image`, `user_role`, `randSalt`) VALUES
(9, 'sirjean_', '1234', 'Sirjean', 'Nuñez', 'sirjean@gmail.com', '', 'Subscriber', ''),
(10, 'patrick_', '1234', 'Patrick', 'Bambico', 'patrick@gmail.com', '', 'subscriber', ''),
(11, 'roniel_', '1234', 'Roniel', 'Eduardo', 'roniel@gmail.com', '', 'subscriber', ''),
(12, 'veronica_', '1234', 'Veronica', 'Ulit', 'veronica@gmail.com', '', 'subscriber', ''),
(13, 'jc_', '123', 'Jc', 'Enriquez', 'jc@gmail.com', '', 'subscriber', '');

--
-- Indexes for dumped tables
--

--
-- Indexes for table `category`
--
ALTER TABLE `category`
  ADD PRIMARY KEY (`cat_id`);

--
-- Indexes for table `comments`
--
ALTER TABLE `comments`
  ADD PRIMARY KEY (`comment_id`);

--
-- Indexes for table `posts`
--
ALTER TABLE `posts`
  ADD PRIMARY KEY (`post_id`);

--
-- Indexes for table `users`
--
ALTER TABLE `users`
  ADD PRIMARY KEY (`user_id`);

--
-- AUTO_INCREMENT for dumped tables
--

--
-- AUTO_INCREMENT for table `category`
--
ALTER TABLE `category`
  MODIFY `cat_id` int(3) NOT NULL AUTO_INCREMENT, AUTO_INCREMENT=19;

--
-- AUTO_INCREMENT for table `comments`
--
ALTER TABLE `comments`
  MODIFY `comment_id` int(3) NOT NULL AUTO_INCREMENT, AUTO_INCREMENT=22;

--
-- AUTO_INCREMENT for table `posts`
--
ALTER TABLE `posts`
  MODIFY `post_id` int(3) NOT NULL AUTO_INCREMENT, AUTO_INCREMENT=57;

--
-- AUTO_INCREMENT for table `users`
--
ALTER TABLE `users`
  MODIFY `user_id` int(3) NOT NULL AUTO_INCREMENT, AUTO_INCREMENT=14;
COMMIT;

/*!40101 SET CHARACTER_SET_CLIENT=@OLD_CHARACTER_SET_CLIENT */;
/*!40101 SET CHARACTER_SET_RESULTS=@OLD_CHARACTER_SET_RESULTS */;
/*!40101 SET COLLATION_CONNECTION=@OLD_COLLATION_CONNECTION */;
